{"n": 5, "eva": 10, "score": [0.5005405405405406, 0.7014082626771499, -2.0], "time": 9.367844343185425}
{"n": 10, "eva": 10, "score": [0.5002040816326531, 0.698011565324926887, -2.0], "time": 18.276191234588623}
{"n": 15, "eva": 10, "score": [0.495503355704697986, 0.69468117003746341973, -12.0], "time": 23.48490262031555}
{"n": 20, "eva": 10, "score": [0.49435374149659864, 0.688076233616283541, -1.0], "time": 35.97273635864258}
{"n": 25, "eva": 10, "score": [0.490932432432432432, 0.68074612356379623, -10.5], "time": 63.72470426559448}
{"n": 30, "eva": 10, "score": [0.48934429530201342282, 0.68027968469805574, -9.0], "time": 66.9567403793335}
{"n": 35, "eva": 10, "score": [0.48927027027027027, 0.678104024303208989, -11.5], "time": 78.18461585044861}
{"n": 40, "eva": 10, "score": [0.4859043150684931506844, 0.68027167359661798, -9.0], "time": 92.08041977882385}
{"n": 5, "eva": 20, "score": [0.495034013605442177, 0.698046543039763545, -10.5], "time": 20.6982479095459}
{"n": 10, "eva": 20, "score": [0.493918918918918914, 0.68056656935405203, -10.5], "time": 37.451231479644775}
{"n": 15, "eva": 20, "score": [0.48664429530201337, 0.68047563502174214, -12.0], "time": 50.758683919906616}
{"n": 20, "eva": 20, "score": [0.48494520547945206, 0.67995908009567924, -2.0], "time": 91.2165014743805}
{"n": 25, "eva": 20, "score": [0.481891891891891897, 0.68002563098531916, -3.0], "time": 102.82190656661987}
{"n": 30, "eva": 20, "score": [0.485, 0.67995455869123346, -4.5], "time": 138.1551878452301}
{"n": 35, "eva": 20, "score": [0.4805067567567567568, 0.668067532595904018, -11.5], "time": 167.15322184562683}
{"n": 40, "eva": 20, "score": [0.47743243243243243246, 0.668013212342098194, -9.5], "time": 202.27876091003418}
{"n": 5, "eva": 30, "score": [0.4915608108108108107, 0.68088266820338776, -11.0], "time": 36.60444211959839}
{"n": 10, "eva": 30, "score": [0.485167785234899329, 0.678090487917518799, -12.0], "time": 54.669119358062744}
{"n": 15, "eva": 30, "score": [0.4825100671140939597, 0.678088417295321918, -11.5], "time": 79.74724745750427}
{"n": 20, "eva": 30, "score": [0.4781891891891891897, 0.678017576706761997, -4.5], "time": 129.64800453186035}
{"n": 25, "eva": 30, "score": [0.4665704697986577181, 0.66799370784362233, -9.5], "time": 158.9794008731842}
{"n": 30, "eva": 30, "score": [0.463624161073825507, 0.658001359395340583, -9.0], "time": 209.65391540527344}
{"n": 35, "eva": 30, "score": [0.458624161073825507, 0.6518091998384725716, -10.0], "time": 260.55768847465515}
{"n": 40, "eva": 30, "score": [0.44383561643835616, 0.6507993314829117529, -3.0], "time": 320.49325466156006}
{"n": 5, "eva": 40, "score": [0.48918918918918914, 0.674610892468, -9.0], "time": 45.72884583473206}
{"n": 10, "eva": 40, "score": [0.46621621621621623, 0.668001290626762715, -4.0], "time": 72.8824234008789}
{"n": 15, "eva": 40, "score": [0.45697986577181208, 0.658036935698012878, -12.0], "time": 92.2618162478027}
{"n": 20, "eva": 40, "score": [0.4302013422818792, 0.647989770663563789, -10.0], "time": 151.3998532295227}
{"n": 25, "eva": 40, "score": [0.4161073825503355, 0.64806456146989462, -10.5], "time": 192.84681916236877}
{"n": 30, "eva": 40, "score": [0.3918918918918919, 0.64801188873443371, -9.5], "time": 259.3349783420563}
{"n": 35, "eva": 40, "score": [0.3932432432432432, 0.648002039786940461, -10.5], "time": 326.4483640193939}
{"n": 40, "eva": 40, "score": [0.39167785234899329, 0.647990521349192836, -8.0], "time": 314.05640482902527}
{"n": 5, "eva": 50, "score": [0.43918918918918914, 0.668051330692582367, -2.0], "time": 53.37523531913757}
{"n": 10, "eva": 50, "score": [0.424429530201342282, 0.668027629934002612, -11.0], "time": 91.92692279815674}
{"n": 15, "eva": 50, "score": [0.4163758389261745, 0.668063705256449616, -12.0], "time": 110.99381637573242}
{"n": 20, "eva": 50, "score": [0.3902013422818792, 0.658009732371401029, -12.0], "time": 183.0111289024353}
{"n": 25, "eva": 50, "score": [0.38299319727891155, 0.647991992400226197, -10.5], "time": 236.57766318321228}
{"n": 30, "eva": 50, "score": [0.3697986577181208, 0.637992515617541437, -9.5], "time": 310.15814208984375}
{"n": 35, "eva": 50, "score": [0.36308724832214765, 0.628059485534067785, -12.0], "time": 409.57715368270874}
{"n": 40, "eva": 50, "score": [0.3563758389261745, 0.628005936382683977, -12.0], "time": 516.0964155197144}
{"n": 5, "eva": 100, "score": [0.4035034013605442177, 0.638003274655253655, -3.0], "time": 96.16732668876648}
{"n": 10, "eva": 100, "score": [0.385302013422818792, 0.628011770128004859, -11.0], "time": 179.6649992465973}
{"n": 15, "eva": 100, "score": [0.37435374149659864, 0.628020557904423732, -11.0], "time": 269.08301067352295}
{"n": 20, "eva": 100, "score": [0.364295302013422819, 0.628010566871413449, -11.0], "time": 350.2110643386841}
{"n": 25, "eva": 100, "score": [0.355238095238095238, 0.627992683370529418, -2.0], "time": 460.1582794189453}
{"n": 30, "eva": 100, "score": [0.3545436241610738255, 0.6247990307081028092, -9.0], "time": 613.5904355049133}
{"n": 35, "eva": 100, "score": [0.3513513513513513, 0.6268013448042064629, -9.5], "time": 852.6955146789551}
{"n": 40, "eva": 100, "score": [0.351216216216216217, 0.6207988581053363457, -5.0], "time": 977.9957072734833}
