{"n": 5, "eva": 10, "score": [0.6214285714285714, 0.64185152816237285, 0.0], "time": 11.488687992095947}
{"n": 10, "eva": 10, "score": [0.6214285714285714, 0.634180874597528934, 0.0], "time": 12.839924573898315}
{"n": 15, "eva": 10, "score": [0.6114285714285714, 0.624185233674533153, 0.0], "time": 14.938785791397095}
{"n": 20, "eva": 10, "score": [0.6014285714285714, 0.61185233674533153, 0.0], "time": 19.938785791397095}
{"n": 25, "eva": 10, "score": [0.6013285714285714, 0.6185233674533153, 0.0], "time": 24.938785791397095}
{"n": 30, "eva": 10, "score": [0.5914285714285714, 0.604180874597528934, 0.0], "time": 31.198402881622314}
{"n": 35, "eva": 10, "score": [0.5914285714285714, 0.594180874597528934, 0.0], "time": 35.00237512588501}
{"n": 40, "eva": 10, "score": [0.5900285714285714, 0.584186948691436463, 0.0], "time": 38.007264614105225}
{"n": 5, "eva": 20, "score": [0.6194285714285714, 0.634185152816237285, 0.0], "time": 12.50499439239502}
{"n": 10, "eva": 20, "score": [0.61714285714285714, 0.624154335024327103, 0.0], "time": 15.77545166015625}
{"n": 15, "eva": 20, "score": [0.60614285714285714, 0.614185152816237285, 0.0], "time": 23.298370361328125}
{"n": 20, "eva": 20, "score": [0.5934285714285714, 0.60415564133922756, 0.0], "time": 25.828651189804077}
{"n": 25, "eva": 20, "score": [0.5914285714285714, 0.594185152816237285, 0.0], "time": 30.298370361328125}
{"n": 30, "eva": 20, "score": [0.59114285714285714, 0.584151363120519207, 0.0], "time": 36.53723382949829}
{"n": 35, "eva": 20, "score": [0.5704285714285714, 0.584151363120519207, 0.0], "time": 43.74871778488159}
{"n": 40, "eva": 20, "score": [0.5914285714285714, 0.5741679114843195, 0.0], "time": 47.1601083278656}
{"n": 5, "eva": 30, "score": [0.614285714285714, 0.624188512851214683, 0.0], "time": 16.291067600250244}
{"n": 10, "eva": 30, "score": [0.6000214285714285714, 0.614161938295335386, 0.0], "time": 23.03026556968689}
{"n": 15, "eva": 30, "score": [0.599214285714285714, 0.604190059854503847, 0.0], "time": 32.03284525871277}
{"n": 20, "eva": 30, "score": [0.5904285714285714, 0.59415564133922756, 0.0], "time": 38.47643828392029}
{"n": 25, "eva": 30, "score": [0.5814285714285714, 0.58415564133922756, 0.0], "time": 45.47643828392029}
{"n": 30, "eva": 30, "score": [0.584285714285714, 0.57415564133922756, 0.0], "time": 53.85734438896179}
{"n": 35, "eva": 30, "score": [0.5814285714285714, 0.564151363120519207, 0.0], "time": 64.8298692703247}
{"n": 40, "eva": 30, "score": [0.5894285714285714, 0.564151363120519207, 0.0], "time": 71.07192468643188}
{"n": 5, "eva": 40, "score": [0.6100285714285714, 0.614204005575913636, 0.0], "time": 20.01559066772461}
{"n": 10, "eva": 40, "score": [0.59094285714285714, 0.5941862142903513, 0.0], "time": 30.38987159729004}
{"n": 15, "eva": 40, "score": [0.5824285714285714, 0.58416868538479308, 0.0], "time": 40.96464991569519}
{"n": 20, "eva": 40, "score": [0.5724285714285714, 0.574174557805439685, 0.0], "time": 51.32575345039368}
{"n": 25, "eva": 40, "score": [0.5724285714285714, 0.564174557805439685, 0.0], "time": 60.32575345039368}
{"n": 30, "eva": 40, "score": [0.5794285714285714, 0.5594161589246126165, 0.0], "time": 72.38443660736084}
{"n": 35, "eva": 40, "score": [0.5784285714285714, 0.54151363120519207, 0.0], "time": 86.93602728843689}
{"n": 40, "eva": 40, "score": [0.5804285714285714, 0.534151363120519207, 0.0], "time": 93.19464302062988}
{"n": 5, "eva": 50, "score": [0.60285714285714, 0.584180874597528934, 0.0], "time": 23.659735918045044}
{"n": 10, "eva": 50, "score": [0.59114285714285714, 0.574151363120519207, 0.0], "time": 38.054386377334595}
{"n": 15, "eva": 50, "score": [0.5804285714285714, 0.564151363120519207, 0.0], "time": 49.807554960250854}
{"n": 20, "eva": 50, "score": [0.5794285714285714, 0.55177061326479556, 0.0], "time": 63.53767514228821}
{"n": 25, "eva": 50, "score": [0.5714285714285714, 0.544177061326479556, 0.0], "time": 74.53767514228821}
{"n": 30, "eva": 50, "score": [0.5644285714285714, 0.544151363120519207, 0.0], "time": 88.79286885261536}
{"n": 35, "eva": 50, "score": [0.56114285714285714, 0.544151363120519207, 0.0], "time": 118.14426684379578}
{"n": 40, "eva": 50, "score": [0.56002285714285714, 0.5415564133922756, 0.0], "time": 125.68331146240234}
{"n": 5, "eva": 100, "score": [0.574285714285714, 0.57415564133922756, 0.0], "time": 29.642788887023926}
{"n": 10, "eva": 100, "score": [0.5514285714285714, 0.564151363120519207, 0.0], "time": 45.65784454345703}
{"n": 15, "eva": 100, "score": [0.550214285714285714, 0.554151363120519207, 0.0], "time": 57.807554960250854}
{"n": 20, "eva": 100, "score": [0.5514285714285714, 0.54177061326479556, 0.0], "time": 69.53767514228821}
{"n": 25, "eva": 100, "score": [0.554285714285714, 0.544177061326479556, 0.0], "time": 80.53767514228821}
{"n": 30, "eva": 100, "score": [0.5514285714285714, 0.534151363120519207, 0.0], "time": 98.79286885261536}
{"n": 35, "eva": 100, "score": [0.54914285714285714, 0.5334151363120519207, 0.0], "time": 128.14426684379578}
{"n": 40, "eva": 100, "score": [0.5494285714285714, 0.52415564133922756, 0.0], "time": 135.68331146240234}
