{"n": 5, "eva": 10, "score": [0.6514285714285714, 0.68958591051288, 0.0], "time": 0.3184378147125244}
{"n": 10, "eva": 10, "score": [0.6414285714285714, 0.684163634867638977, 0.0], "time": 0.4781334400177002}
{"n": 15, "eva": 10, "score": [0.64214285714285714, 0.674163919124523274, 0.0], "time": 0.52846360206604}
{"n": 20, "eva": 10, "score": [0.6414285714285714, 0.6641605185192066, 0.0], "time": 0.6202185153961182}
{"n": 25, "eva": 10, "score": [0.63214285714285714, 0.6616467319205745, 0.0], "time": 0.8051671981811523}
{"n": 30, "eva": 10, "score": [0.6314285714285714, 0.6604156364973171858, 0.0], "time": 0.9080438613891602}
{"n": 35, "eva": 10, "score": [0.62914285714285714, 0.659416399438753879, 0.0], "time": 1.2791407108306885}
{"n": 40, "eva": 10, "score": [0.62414285714285714, 0.654162875281168943, 0.0], "time": 2.5828299522399902}
{"n": 5, "eva": 20, "score": [0.64214285714285714, 0.684174388323904186, 0.0], "time": 1.4826123714447021}
{"n": 10, "eva": 20, "score": [0.63214285714285714, 0.67415784255864029, 0.0], "time": 2.2828781604766846}
{"n": 15, "eva": 20, "score": [0.6294285714285714, 0.6734159115499725683, 0.0], "time": 2.310758113861084}
{"n": 20, "eva": 20, "score": [0.62214285714285714, 0.6614155054989443325, 0.0], "time": 1.1194334030151367}
{"n": 25, "eva": 20, "score": [0.6214285714285714, 0.65153205984991954, 0.0], "time": 1.402928352355957}
{"n": 30, "eva": 20, "score": [0.62114285714285714, 0.6494157778256804305, 0.0], "time": 1.5928537845611572}
{"n": 35, "eva": 20, "score": [0.62014285714285714, 0.644156398101259717, 0.0], "time": 2.1059184074401855}
{"n": 40, "eva": 20, "score": [0.61914285714285714, 0.6434154411243692557, 0.0], "time": 2.403090000152588}
{"n": 5, "eva": 30, "score": [0.639214285714285714, 0.674180385905661526, 0.0], "time": 1.0778448581695557}
{"n": 10, "eva": 30, "score": [0.6264285714285714, 0.66167303493885903, 0.0], "time": 1.169072151184082}
{"n": 15, "eva": 30, "score": [0.620214285714285714, 0.6604152537064576287, 0.0], "time": 1.3254435062408447}
{"n": 20, "eva": 30, "score": [0.6198214285714285714, 0.654152667837258557, 0.0], "time": 1.5610387325286865}
{"n": 25, "eva": 30, "score": [0.61998214285714285714, 0.653415166324558895, 0.0], "time": 2.008368968963623}
{"n": 30, "eva": 30, "score": [0.61908214285714285714, 0.6415144636999203, 0.0], "time": 2.4996533393859863}
{"n": 35, "eva": 30, "score": [0.61898214285714285714, 0.64015146021142351, 0.0], "time": 3.1195759773254395}
{"n": 40, "eva": 30, "score": [0.61888214285714285714, 0.6315160714077919, 0.0], "time": 3.5273122787475586}
{"n": 5, "eva": 40, "score": [0.638214285714285714, 0.6694174913399979774, 0.0], "time": 1.3012633323669434}
{"n": 10, "eva": 40, "score": [0.628214285714285714, 0.654155285014497703, 0.0], "time": 1.6229288578033447}
{"n": 15, "eva": 40, "score": [0.618214285714285714, 0.6415169411726108, 0.0], "time": 1.7985248565673828}
{"n": 20, "eva": 40, "score": [0.6098214285714285714, 0.6364153086398039814, 0.0], "time": 1.981590747833252}
{"n": 25, "eva": 40, "score": [0.5998214285714285714, 0.63415292337090959, 0.0], "time": 2.890892267227173}
{"n": 30, "eva": 40, "score": [0.5928214285714285714, 0.6314154184268892727, 0.0], "time": 3.521845579147339}
{"n": 35, "eva": 40, "score": [0.5918214285714285714, 0.634151495630891264, 0.0], "time": 4.390582084655762}
{"n": 40, "eva": 40, "score": [0.5898214285714285714, 0.629415137947020288, 0.0], "time": 5.204180955886841}
{"n": 5, "eva": 50, "score": [0.6298214285714285714, 0.654166813298433096, 0.0], "time": 2.5949079990386963}
{"n": 10, "eva": 50, "score": [0.618214285714285714, 0.64151627261424387, 0.0], "time": 2.678086519241333}
{"n": 15, "eva": 50, "score": [0.6088214285714285714, 0.64015159006272561, 0.0], "time": 2.5009512901306152}
{"n": 20, "eva": 50, "score": [0.5988214285714285714, 0.634151381066466127, 0.0], "time": 2.5469861030578613}
{"n": 25, "eva": 50, "score": [0.5908214285714285714, 0.6324151376000204436, 0.0], "time": 3.2074506282806396}
{"n": 30, "eva": 50, "score": [0.5888214285714285714, 0.6314151378331078903, 0.0], "time": 4.028382778167725}
{"n": 35, "eva": 50, "score": [0.5788214285714285714, 0.6264151364223373104, 0.0], "time": 5.13403058052063}
{"n": 40, "eva": 50, "score": [0.5708214285714285714, 0.62415136875447167, 0.0], "time": 5.778046369552612}
{"n": 5, "eva": 100, "score": [0.608214285714285714, 0.6214153117223467735, 0.0], "time": 3.1896207332611084}
{"n": 10, "eva": 100, "score": [0.598214285714285714, 0.614151370412949453, 0.0], "time": 3.9019970893859863}
{"n": 15, "eva": 100, "score": [0.578214285714285714, 0.61315136316606906, 0.0], "time": 4.362183570861816}
{"n": 20, "eva": 100, "score": [0.5728214285714285714, 0.610415136312141143, 0.0], "time": 4.8918774127960205}
{"n": 25, "eva": 100, "score": [0.5618214285714285714, 0.61615136312132768, 0.0], "time": 6.19854736328125}
{"n": 30, "eva": 100, "score": [0.5628214285714285714, 0.61415136312055664, 0.0], "time": 7.6900224685668945}
{"n": 35, "eva": 100, "score": [0.5618214285714285714, 0.6094151363121115006, 0.0], "time": 10.000436305999756}
{"n": 40, "eva": 100, "score": [0.558214285714285714, 0.604151363120702483, 0.0], "time": 11.262966871261597}
