{"n": 5, "eva": 10, "score": [0.48560975609756095, 0.80298105037601603, -3.0], "time": 23.60123896598816}
{"n": 10, "eva": 10, "score": [0.475398773006134969, 0.795515204774570412, -6.0], "time": 24.405126333236694}
{"n": 15, "eva": 10, "score": [0.465030674846625767, 0.795403747520890633, -6.0], "time": 31.93032145500183}
{"n": 20, "eva": 10, "score": [0.454785276073619632, 0.785252873330730032, -4.0], "time": 48.23505163192749}
{"n": 25, "eva": 10, "score": [0.4450920245398773, 0.78532673987651227, -5.5], "time": 62.8040246963501}
{"n": 30, "eva": 10, "score": [0.449390243902439024, 0.785264909787751653, -3.0], "time": 82.24715495109558}
{"n": 35, "eva": 10, "score": [0.435153374233128835, 0.775563699580850116, -5.0], "time": 102.05847144126892}
{"n": 40, "eva": 10, "score": [0.424785276073619632, 0.775275141792258197, -5.5], "time": 123.42410612106323}
{"n": 5, "eva": 20, "score": [0.479390243902439024, 0.7985400780947937149, -3.0], "time": 47.69237804412842}
{"n": 10, "eva": 20, "score": [0.4650920245398773, 0.796533370962789325, -6.0], "time": 48.62536311149597}
{"n": 15, "eva": 20, "score": [0.45214723926380368, 0.785207990188393469, -5.0], "time": 61.67466688156128}
{"n": 20, "eva": 20, "score": [0.449390243902439024, 0.785217344473285823, -3.0], "time": 96.86841344833374}
{"n": 25, "eva": 20, "score": [0.4344171779141104295, 0.775321223854607029, -3.0], "time": 131.66001510620117}
{"n": 30, "eva": 20, "score": [0.4249079754601227, 0.775163275091208556, -6.0], "time": 184.86882257461548}
{"n": 35, "eva": 20, "score": [0.415030674846625767, 0.765296380374370061, -6.0], "time": 221.7750461101532}
{"n": 40, "eva": 20, "score": [0.414662576687116564, 0.7645208179758646745, -6.0], "time": 235.67674255371094}
{"n": 5, "eva": 30, "score": [0.47365853658536586, 0.7865277042487999164, -3.0], "time": 71.87278723716736}
{"n": 10, "eva": 30, "score": [0.4535060975609756098, 0.775146722613853499, -3.0], "time": 73.21638441085815}
{"n": 15, "eva": 30, "score": [0.44249079754601227, 0.775251402790600913, -4.0], "time": 93.84017729759216}
{"n": 20, "eva": 30, "score": [0.432049079754601227, 0.765224713100968662, -5.5], "time": 141.36250686645508}
{"n": 25, "eva": 30, "score": [0.43123050920245398773, 0.7655264487758726872, -6.0], "time": 192.95380091667175}
{"n": 30, "eva": 30, "score": [0.430147239263803680986, 0.7645204717539802138, -3.0], "time": 252.264643907547}
{"n": 35, "eva": 30, "score": [0.42911629629629629629, 0.765130685132971524, -5.0], "time": 344.3267595767975}
{"n": 40, "eva": 30, "score": [0.4210662576687116564, 0.7635202827142130643, -3.0], "time": 415.3294405937195}
{"n": 5, "eva": 40, "score": [0.465060975609756098, 0.775356121203216676, -3.0], "time": 96.05330157279968}
{"n": 10, "eva": 40, "score": [0.4548466257668711654, 0.765356409034993449, -6.0], "time": 98.1759443283081}
{"n": 15, "eva": 40, "score": [0.447239263803680986, 0.75216701907584277, -3.0], "time": 124.24872303009033}
{"n": 20, "eva": 40, "score": [0.44662576687116564, 0.75136047039947249, -6.0], "time": 191.4657919406891}
{"n": 25, "eva": 40, "score": [0.434817073170731707, 0.75167213084942095, -3.0], "time": 285.0524342060089}
{"n": 30, "eva": 40, "score": [0.4244171779141104295, 0.75122557763469755, -3.0], "time": 342.9124662876129}
{"n": 35, "eva": 40, "score": [0.4148466257668711654, 0.75120518916267168, -6.0], "time": 446.6017277240753}
{"n": 40, "eva": 40, "score": [0.4104355828220858896, 0.75163091276253264, -6.0], "time": 575.5666725635529}
{"n": 5, "eva": 50, "score": [0.459153374233128835, 0.76312969186154227, -5.5], "time": 119.48122191429138}
{"n": 10, "eva": 50, "score": [0.447239263803680986, 0.75362539226372339, -5.5], "time": 122.0543761253357}
{"n": 15, "eva": 50, "score": [0.435182926829268293, 0.75128389668051295, -3.0], "time": 155.3278112411499}
{"n": 20, "eva": 50, "score": [0.4249390243902439024, 0.74115264910575678, -3.0], "time": 269.0070707798004}
{"n": 25, "eva": 50, "score": [0.4145398773006134974, 0.74217199188448755, -3.0], "time": 340.799441576004}
{"n": 30, "eva": 50, "score": [0.405276073619631902, 0.7410137139650438, -6.0], "time": 459.32390332221985}
{"n": 35, "eva": 50, "score": [0.394601226993865031, 0.74113336278635432, -5.0], "time": 567.2105495929718}
{"n": 40, "eva": 50, "score": [0.391629629629629629, 0.74152376842591168, -3.0], "time": 666.6306350231171}
{"n": 5, "eva": 100, "score": [0.42147239263803680986, 0.74288958801599841, -3.0], "time": 241.77891874313354}
{"n": 10, "eva": 100, "score": [0.4144601226993865031, 0.735394710863065049, -3.0], "time": 246.8483762741089}
{"n": 15, "eva": 100, "score": [0.404817073170731707, 0.725181361910986438, -3.0], "time": 352.5696687698364}
{"n": 20, "eva": 100, "score": [0.394478527607361963, 0.715137540560949161, -3.5], "time": 456.7205910682678}
{"n": 25, "eva": 100, "score": [0.3914506172839506173, 0.715121998615486709, -3.0], "time": 627.8136582374573}
{"n": 30, "eva": 100, "score": [0.384601226993865031, 0.715077536495528274, -5.0], "time": 789.3861660957336}
{"n": 35, "eva": 100, "score": [0.3845398773006134974, 0.715127703556500967, -7.0], "time": 1158.1706793308258}
{"n": 40, "eva": 100, "score": [0.385, 0.715108829530669541, -3.0], "time": 1429.698511838913}
