{"n": 5, "eva": 10, "score": [0.47234899328859061, 0.65185152816237285, -10.0], "time": 18.99825096130371}
{"n": 10, "eva": 10, "score": [0.465172413793103448, 0.648121780035947912, -2.5], "time": 29.105395078659058}
{"n": 15, "eva": 10, "score": [0.4697959183673469, 0.648016077785308652, -11.0], "time": 37.246132373809814}
{"n": 20, "eva": 10, "score": [0.465442176870748299, 0.6468106092031057831, -12.0], "time": 57.150519132614136}
{"n": 30, "eva": 10, "score": [0.465608108108108107, 0.6448037259333130987, -5.5], "time": 91.61190390586853}
{"n": 35, "eva": 10, "score": [0.465, 0.64448095267887172403, -10.5], "time": 115.12516689300537}
{"n": 40, "eva": 10, "score": [0.45927027027027027, 0.6438076138419172325, -11.0], "time": 137.71531438827515}
{"n": 5, "eva": 20, "score": [0.465369127516778524, 0.648069673942297407, -10.0], "time": 30.402262926101685}
{"n": 10, "eva": 20, "score": [0.455167785234899329, 0.6468080305508150103, -10.0], "time": 55.51042580604553}
{"n": 15, "eva": 20, "score": [0.4547619047619047616, 0.643807724750064014, -10.0], "time": 89.1199803352356}
{"n": 20, "eva": 20, "score": [0.4472972972972973, 0.63808593890343015, -9.0], "time": 108.40342450141907}
{"n": 30, "eva": 20, "score": [0.4454726027397260274, 0.628033487437863766, -3.0], "time": 174.31009340286255}
{"n": 35, "eva": 20, "score": [0.4465405405405405406, 0.618121478357519542, -11.0], "time": 213.23473072052002}
{"n": 40, "eva": 20, "score": [0.44864864864864865, 0.618015134555733199, -8.5], "time": 261.3761496543884}
{"n": 5, "eva": 30, "score": [0.4642281879194630867, 0.6318012802490280432, -4.0], "time": 46.64944744110107}
{"n": 10, "eva": 30, "score": [0.45, 0.627996110563201101, -5.0], "time": 81.28612208366394}
{"n": 15, "eva": 30, "score": [0.449664429530201337, 0.618048269772096626, -9.0], "time": 122.05478572845459}
{"n": 20, "eva": 30, "score": [0.445234899328859061, 0.618057804670750928, -12.0], "time": 157.38967204093933}
{"n": 30, "eva": 30, "score": [0.4345608108108108107, 0.617992479135540671, -9.0], "time": 254.46631455421448}
{"n": 35, "eva": 30, "score": [0.4194697986577181208, 0.618049505759599367, -12.0], "time": 338.1395308971405}
{"n": 40, "eva": 30, "score": [0.4043624161073825507, 0.6178030437371761688, -9.0], "time": 396.60876059532166}
{"n": 5, "eva": 40, "score": [0.45608108108108107, 0.628051421045955115, -5.5], "time": 60.33174014091492}
{"n": 10, "eva": 40, "score": [0.44726027397260274, 0.618044550444030101, -9.5], "time": 107.91411328315735}
{"n": 15, "eva": 40, "score": [0.43472972972972973, 0.618000885071860384, -3.0], "time": 153.9026961326599}
{"n": 20, "eva": 40, "score": [0.42346308724832214765, 0.608020342551535553, -9.0], "time": 208.52537631988525}
{"n": 30, "eva": 40, "score": [0.4124625850340136054, 0.608006459915665417, -3.0], "time": 337.2586374282837}
{"n": 35, "eva": 40, "score": [0.40941216216216216217, 0.598028006871978843, -8.5], "time": 471.64937353134155}
{"n": 40, "eva": 40, "score": [0.39243918918918918914, 0.598013009427882507, -4.5], "time": 528.1265931129456}
{"n": 5, "eva": 50, "score": [0.4465986394557823, 0.6258174655484148915, -3.5], "time": 82.88191628456116}
{"n": 10, "eva": 50, "score": [0.43624161073825507, 0.6158090941115758081, -7.0], "time": 137.01252794265747}
{"n": 15, "eva": 50, "score": [0.41054054054054054, 0.608116620946036605, -4.0], "time": 188.14683175086975}
{"n": 20, "eva": 50, "score": [0.3995275862068965514, 0.598007904540060055, -2.0], "time": 263.9929723739624}
{"n": 30, "eva": 50, "score": [0.3905100671140939597, 0.57998659590260762, -10.5], "time": 432.0084159374237}
{"n": 35, "eva": 50, "score": [0.384429530201342282, 0.57011926345887278, -11.0], "time": 603.4481663703918}
{"n": 40, "eva": 50, "score": [0.3805033557046979866, 0.568000316774625509, -10.0], "time": 600.1389670372009}
{"n": 5, "eva": 100, "score": [0.38415068493150684932, 0.598008383672503839, -3.0], "time": 168.64583373069763}
{"n": 10, "eva": 100, "score": [0.3794797297297297297, 0.58071737000514995, -10.5], "time": 275.92120146751404}
{"n": 15, "eva": 100, "score": [0.36844594594594594594, 0.578010572582351501, -5.0], "time": 342.5760304927826}
{"n": 20, "eva": 100, "score": [0.357527027027027027, 0.567989671622807052, -4.0], "time": 484.31105399131775}
{"n": 30, "eva": 100, "score": [0.346414697986577181208, 0.5568001726347081279, -9.5], "time": 683.1978690624237}
{"n": 35, "eva": 100, "score": [0.345944285714285714286, 0.548011035160618147, -10.0], "time": 812.482996225357}
{"n": 40, "eva": 100, "score": [0.340944285714285714286, 0.548011035160618147, -10.0], "time": 942.482996225357}
