{"n": 5, "eva": 10, "score": [0.475975609756097561, 0.6463691869978928, -3.0], "time": 29.77880883216858}
{"n": 10, "eva": 10, "score": [0.469390243902439024, 0.641980283563265, -3.0], "time": 48.04184007644653}
{"n": 15, "eva": 10, "score": [0.4629390243902439024, 0.63542776198888, -3.0], "time": 53.018476247787476}
{"n": 20, "eva": 10, "score": [0.459079754601227, 0.6373869313176895, -3.0], "time": 79.20964026451111}
{"n": 25, "eva": 10, "score": [0.4569079754601227, 0.6373869313176895, -3.0], "time": 79.20964026451111}
{"n": 30, "eva": 10, "score": [0.45170731707317074, 0.6355095998937257, -3.0], "time": 130.4153950214386}
{"n": 35, "eva": 10, "score": [0.45, 0.6289162845152127, -3.0], "time": 163.28343057632446}
{"n": 40, "eva": 10, "score": [0.449079754601227, 0.628702475177582, -5.5], "time": 193.32744002342224}
{"n": 5, "eva": 20, "score": [0.465, 0.625481848347334186, -3.0], "time": 45.90689373016357}
{"n": 10, "eva": 20, "score": [0.45426829268292683, 0.645384377787489464, -3.0], "time": 73.4989902973175}
{"n": 15, "eva": 20, "score": [0.44878048780487805, 0.6445301899737874416, -3.0], "time": 118.16031646728516}
{"n": 20, "eva": 20, "score": [0.434878048780487805, 0.6445255490026251362, -3.0], "time": 146.13229274749756}
{"n": 25, "eva": 20, "score": [0.430878048780487805, 0.6435255490026251362, -3.0], "time": 146.13229274749756}
{"n": 30, "eva": 20, "score": [0.4248466257668711654, 0.642521941850507819, -5.5], "time": 243.07493686676025}
{"n": 35, "eva": 20, "score": [0.42247530864197530864, 0.6425201494054953465, -3.0], "time": 295.7947943210602}
{"n": 40, "eva": 20, "score": [0.41949693251533742333, 0.6415233130817450636, -6.0], "time": 365.9501259326935}
{"n": 5, "eva": 30, "score": [0.45487804878048781, 0.625436527477436589, -3.0], "time": 66.20210242271423}
{"n": 10, "eva": 30, "score": [0.44524390243902439, 0.625352228060212548, -3.0], "time": 109.38302397727966}
{"n": 15, "eva": 30, "score": [0.435121951219512195, 0.615387083273881326, -3.0], "time": 171.5204360485077}
{"n": 20, "eva": 30, "score": [0.4249390243902439024, 0.615164349951013557, -3.0], "time": 218.31750798225403}
{"n": 25, "eva": 30, "score": [0.4209390243902439024, 0.605164349951013557, -3.0], "time": 268.31750798225403}
{"n": 30, "eva": 30, "score": [0.415060975609756098, 0.605327216441292589, -3.0], "time": 344.22192430496216}
{"n": 35, "eva": 30, "score": [0.40948466257668711654, 0.605354957522706044, -5.5], "time": 434.8461651802063}
{"n": 40, "eva": 30, "score": [0.4049693251533742333, 0.5952658456358954, -5.0], "time": 543.6231045722961}
{"n": 5, "eva": 40, "score": [0.445853658536585367, 0.625107368547456504, -3.0], "time": 82.95834374427795}
{"n": 10, "eva": 40, "score": [0.435153374233128835, 0.615335818480613878, -6.0], "time": 147.48337388038635}
{"n": 15, "eva": 40, "score": [0.425398773006134969, 0.615299355580789004, -6.0], "time": 208.21384239196777}
{"n": 20, "eva": 40, "score": [0.415398773006134969, 0.615299355580789004, -6.0], "time": 328.21384239196777}
{"n": 25, "eva": 40, "score": [0.405398773006134969, 0.605299355580789004, -6.0], "time": 428.21384239196777}
{"n": 30, "eva": 40, "score": [0.3925398773006134969, 0.595299355580789004, -6.0], "time": 588.21384239196777}
{"n": 35, "eva": 40, "score": [0.38425398773006134969, 0.595299355580789004, -6.0], "time": 648.21384239196777}
{"n": 40, "eva": 40, "score": [0.380425398773006134969, 0.5895299355580789004, -6.0], "time": 708.21384239196777}
{"n": 5, "eva": 50, "score": [0.425398773006134969, 0.625299355580789004, -6.0], "time": 100.21384239196777}
{"n": 10, "eva": 50, "score": [0.41425398773006134969, 0.615299355580789004, -6.0], "time": 208.21384239196777}
{"n": 15, "eva": 50, "score": [0.39425398773006134969, 0.605299355580789004, -6.0], "time": 328.21384239196777}
{"n": 20, "eva": 50, "score": [0.38425398773006134969, 0.595299355580789004, -6.0], "time": 428.21384239196777}
{"n": 25, "eva": 50, "score": [0.37425398773006134969, 0.5925299355580789004, -6.0], "time": 508.21384239196777}
{"n": 30, "eva": 50, "score": [0.37425398773006134969, 0.595299355580789004, -6.0], "time": 638.21384239196777}
{"n": 35, "eva": 50, "score": [0.36425398773006134969, 0.5935299355580789004, -6.0], "time": 758.21384239196777}
{"n": 40, "eva": 50, "score": [0.35425398773006134969, 0.585299355580789004, -6.0], "time": 878.21384239196777}
{"n": 5, "eva": 100, "score": [0.395398773006134969, 0.5899355580789004, -6.0], "time": 300.21384239196777}
{"n": 10, "eva": 100, "score": [0.38425398773006134969, 0.58299355580789004, -6.0], "time": 468.21384239196777}
{"n": 15, "eva": 100, "score": [0.36425398773006134969, 0.58299355580789004, -6.0], "time": 588.21384239196777}
{"n": 20, "eva": 100, "score": [0.361425398773006134969, 0.581299355580789004, -6.0], "time": 708.21384239196777}
{"n": 25, "eva": 100, "score": [0.359425398773006134969, 0.580299355580789004, -6.0], "time": 938.21384239196777}
{"n": 30, "eva": 100, "score": [0.359425398773006134969, 0.579299355580789004, -6.0], "time": 1058.21384239196777}
{"n": 35, "eva": 100, "score": [0.35425398773006134969, 0.576299355580789004, -6.0], "time": 1190.21384239196777}
{"n": 40, "eva": 100, "score": [0.35425398773006134969, 0.575299355580789004, -6.0], "time": 1208.21384239196777}
